key,en,zh_TW
ui.roster.header,ROSTER,選擇角色
ui.roster.keys.look,[W]/[S] look,[W]/[S] 瀏覽
ui.roster.keys.take,[E] take,[E] 選定
ui.roster.keys.back,[C] back,[C] 返回
ui.roster.locked,locked — {0} extractions,未開放 — 需撤離 {0} 次
ui.roster.stats,{0} hp  {1} m/s  {2} bulk,{0} 生命  {1} 米/秒  {2} 負重
ui.roster.starts,starts with {0},起始配備 {0}
ui.roster.starts.nothing,"starts with nothing, and every price in the shop is set for that",無起始配備，商店的每個定價都是照這個算的
ui.roster.taken,playing as {0},本次出擊 {0}
ui.roster.refused,{0} opens after {1} extractions,{0} 需撤離 {1} 次才會開放
ui.roster.credit.1,"characters from PROJECT LAST DAWN, based on ""Game Ready Low Poly",角色出自 PROJECT LAST DAWN，改作自 DanlyVostok 的
ui.roster.credit.2,"Tactical Character"" by DanlyVostok, CC BY 4.0 — modified","「Game Ready Low Poly Tactical Character」，CC BY 4.0 授權"
character.rin.role,ASSAULT,突擊
character.rin.blurb,"no edges, no gaps; everything the shop sells is priced for this one",沒有短板也沒有破綻；商店賣的每一件都是照她定的價
character.mika.role,RECON / TECH,偵察／技術
character.mika.blurb,carries half again as much and cannot take a hit,多背一半的東西，也挨不起一下
character.akira.role,MELEE / BERSERKER,近戰／狂戰
character.akira.blurb,"holds ground; a blade already turning, and the floor is cold",守得住地；刀已經在轉，腳下的地是冷的
character.sora.role,PSIONIC / BLADE,靈能／刃
character.sora.blurb,"the fastest thing on the map, and the easiest to kill",場上跑得最快的，也是最好殺的
character.yuna.role,SUPPORT / MEDIC,支援／醫療
character.yuna.blurb,"closes its own wounds, and the crowd bleeds for touching it",自己會癒合，碰到她的人會流血
ability.blade.one,1 blade,旋刃 1
ability.blade.many,{0} blades,旋刃 {0}
ability.chill,chill {0},冰緩 {0}
ability.loot,loot x{0},戰利品 x{0}
ability.reach,reach +{0} m,搜刮範圍 +{0} 米
ability.dodge,dodge {0},閃避 {0}
ability.thorns,thorns {0},荊棘 {0}
ability.regen,regen {0}/s,回復 {0}/秒
ui.console.title,SETTINGS,設定
ui.console.language,language,語言
ui.console.next,[E] next language,[E] 切換語言
ui.console.hint,the game picked this from your system the first time it ran,第一次啟動時，遊戲是照你系統的語言選的
ui.console.switched,language is {0},語言已切換為 {0}
locale.en.name,English,English
locale.zh_TW.name,繁體中文,繁體中文
fitting.console.first,next language,切換語言
hud.boss.warning,SOMETHING BIG IS COMING,有大東西過來了
hud.supply.drop,SUPPLY DROP,補給空投
hud.zone.entered,{0} — HOLD OR LEAVE,{0} — 守住或離開
hud.zone.cleared,{0} CLEARED — +{1} ROUNDS,{0} 已清空 — 彈藥 +{1}
hud.health.armoured,{0} / {1}      armour {2},{0} / {1}      護甲 {2}
hud.health.plain,{0} / {1},{0} / {1}
hud.bag,bag {0}/{1},背包 {0}/{1}
hud.bag.value,value {0},價值 {0}
hud.bag.safe,safe {0}/{1} ({2}),保險箱 {0}/{1} ({2})
hud.weapon.heat,heat {0}%,過熱 {0}%
hud.weapon.venting,VENTING,散熱中
hud.weapon.ammo,{0}/{1},{0}/{1}
hud.weapon.dry,DRY,沒彈藥
hud.weapon.reloading,reloading,裝填中
hud.weapon.idle,(idle),(閒置)
hud.weapon.level,lv {0}/{1},等級 {0}/{1}
hud.weapon.level.max,lv {0}/{1} MAX,等級 {0}/{1} 滿
hud.weapon.charged,CHARGED,已蓄力
hud.adrenaline,ADRENALINE {0}s,腎上腺素 {0} 秒
hud.keys.base,[Tab] swap   [Q] use   [F] secure,[Tab] 換武器   [Q] 使用   [F] 收進保險箱
hud.keys.throw,[G] throw x{0},[G] 投擲 x{0}
hud.keys.drop,[R] drop worst,[R] 丟掉最差的
hud.payout,leave now: {0}   (x{1}),現在離開：{0}   (x{1})
hud.exit.open,EXIT  {0}  {1} m,撤離點  {0}  {1} 米
hud.exit.waiting,exit opens in {0}s,撤離點 {0} 秒後開啟
hud.enemies,enemies {0},敵人 {0}
hud.credits,credits {0},信用點 {0}
hud.crate.remaining,"{0} LEFT, WORTH {1}",剩 {0} 格，值 {1}
hud.banner.extracted,EXTRACTED,撤離成功
hud.banner.banked,banked {0},帶回 {0}
hud.banner.killed,KILLED,陣亡
hud.banner.lost,backpack lost,背包丟了
hud.banner.timeout,OUT OF TIME,時間到
hud.offer.card,[{0}],[{0}]
hud.offer.more,(+{0} more),(還有 {0} 個)
hud.crate.searching,SEARCHING,搜刮中
growth.weaponlevel,weapon +1 ({0}/{1}),武器 +1 ({0}/{1})
growth.orbit,+1 orbiting blade,旋刃 +1
growth.shockwave,+1 shockwave stack,震波 +1 層
growth.chain,+18% chance a hit arcs,命中連鎖機率 +18%
growth.chill,enemies near you slow down,周圍的敵人變慢
growth.maxhealth,+{0} max HP,生命上限 +{0}
growth.armour,+{0} armour,護甲 +{0}
growth.movespeed,+{0}% speed,移動速度 +{0}%
growth.searchspeed,+{0}% search,搜刮速度 +{0}%
growth.pierce,+1 pierce,穿透 +1
growth.crit,+12% crit,暴擊 +12%
growth.firerate,+12% fire rate,射速 +12%
growth.area,+18% area,範圍 +18%
growth.knockback,+knockback,擊退提升
growth.ignite,10% kills ignite,10% 擊殺引燃
growth.detonate,9% kills detonate,9% 擊殺引爆
growth.lifesteal,+0.5 HP per kill,每次擊殺回 0.5 生命
growth.regen,+0.8 HP/s,每秒回 0.8 生命
growth.dodge,+10% dodge,閃避 +10%
growth.thorns,+4 thorns,荊棘 +4
growth.reach,+0.8 m search reach,搜刮範圍 +0.8 米
growth.fortune,+15% loot value,戰利品價值 +15%
debrief.title.extracted,EXTRACTED,撤離成功
debrief.title.killed,KILLED,陣亡
debrief.title.timeout,OUT OF TIME,時間到
debrief.title.over,RUN OVER,任務結束
debrief.footer,[Enter] back to base,[Enter] 回基地
debrief.banked.out,banked {0}      carried {1} x{2} for lasting {3}s,帶回 {0}      撐了 {3} 秒，{1} x{2}
debrief.banked.died,banked {0}      the backpack ({1}) is gone; the safe box ({2}) is not,帶回 {0}      背包裡的 {1} 沒了；保險箱的 {2} 還在
debrief.credits,credits {0}      streak {1},信用點 {0}      連勝 {1}
debrief.runs,runs {0} out / {1} lost,撤離 {0} 次 / 陣亡 {1} 次
debrief.killed,killed {0},擊殺 {0}
debrief.searched,searched {0} crates for {1},搜刮 {0} 個補給箱，值 {1}
debrief.items,"used {0}, threw {1}",使用 {0} 個，投擲 {1} 個
debrief.lowest,lowest health {0}/{1},最低生命 {0}/{1}
debrief.practice,practice,熟練度
debrief.lost,lost: {0},失去：{0}
debrief.recovered,recovered: {0},收藏：{0}
debrief.set.piece,{0} — {1},{0} — {1}
debrief.set.complete,SET COMPLETE — +{0} credits,收藏完成 — 信用點 +{0}
debrief.unlocked,unlocked {0} — {1},已開放 {0} — {1}
debrief.practice.gain,{0} +{1} (now {2}),{0} +{1}（現在 {2}）
debrief.contract.none,no contract taken,沒有接合約
debrief.contract.met,CONTRACT MET — {0}   +{1},合約完成 — {0}   +{1}
debrief.contract.failed,contract failed — {0}   ({1}),合約失敗 — {0}   ({1})
debrief.best.bank,banked {0},帶回 {0}
debrief.best.kills,killed {0},擊殺 {0}
debrief.best.seconds,lasted {0}s,撐了 {0} 秒
debrief.best.multiplier,multiplier x{0},倍率 x{0}
debrief.best.streak,longest streak,最長連勝
debrief.best,NEW BEST — {0},新紀錄 — {0}
fitting.armoury.title,ARMOURY,軍械庫
fitting.armoury.first,buy or equip,購買或裝上
fitting.armoury.second,sell it back,賣回去
fitting.locker.title,LOCKER,置物櫃
fitting.locker.first,sell the stash,賣掉存貨
fitting.records.title,RECORDS,紀錄
fitting.board.title,CONTRACTS,合約
fitting.board.first,take the one selected,接下選中的
fitting.board.second,reroll the board,重擲版面
fitting.map.title,MAP TABLE,地圖桌
fitting.map.first,change terrain,更換地形
fitting.map.second,play today's run,今日挑戰
fitting.gate.title,GATE,大門
fitting.gate.first,launch,出發
